﻿<?xml version="1.0" encoding="utf-8"?>
<ISO15745Profile xmlns="http://www.profibus.com/GSDML/2003/11/DeviceProfile" xmlns:xsi="http://www.w3.org/2001/XMLSchema-instance" xsi:schemaLocation="http://www.profibus.com/GSDML/2003/11/DeviceProfile ..\xsd\GSDML-DeviceProfile-V2.31.xsd">
  <ProfileHeader>
    <ProfileIdentification>PROFINET Device Profile</ProfileIdentification>
    <ProfileRevision>1.00</ProfileRevision>
    <ProfileName>Device Profile for PROFINET Devices</ProfileName>
    <ProfileSource>PROFIBUS Nutzerorganisation e. V. (PNO)</ProfileSource>
    <ProfileClassID>Device</ProfileClassID>
    <ISO15745Reference>
      <ISO15745Part>4</ISO15745Part>
      <ISO15745Edition>1</ISO15745Edition>
      <ProfileTechnology>GSDML</ProfileTechnology>
    </ISO15745Reference>
  </ProfileHeader>
  <ProfileBody>
    <DeviceIdentity DeviceID="0xA71E" VendorID="0x0377">
      <InfoText TextId="DeviceDescription_InfoText"></InfoText>
      <VendorName Value="KUKLA Weighing Technology"></VendorName>
    </DeviceIdentity>
    <DeviceFunction>
      <Family MainFamily="General" ProductFamily="DWC7"></Family>
    </DeviceFunction>
    <ApplicationProcess>
      <DeviceAccessPointList>
        <DeviceAccessPointItem PowerOnToCommReady="55000" AddressAssignment="DCP;LOCAL" CheckDeviceID_Allowed="true" DNS_CompatibleName="DWC7-PN" DeviceAccessSupported="true" FixedInSlots="0" ID="DIM 24" ImplementationType="netX" LLDP_NoD_Supported="true" MinDeviceInterval="8" ModuleIdentNumber="0x00002081" MultipleWriteSupported="true" NameOfStationNotTransferable="true" ObjectUUID_LocalIndex="1" PNIO_Version="V2.31" PhysicalSlots="0..255" PrmBeginPrmEndSequenceSupported="false" ResetToFactoryModes="2" SharedDeviceSupported="true" SharedInputSupported="false">
          <ModuleInfo>
            <Name TextId="X20IF10E3-1_NETX V1.3.x.x"></Name>
            <InfoText TextId="DIM 24_InfoText"></InfoText>
            <VendorName Value="Bernecker + Rainer"></VendorName>
            <OrderNumber Value="X20IF10E3-1 V1.3.x.x"></OrderNumber>
            <HardwareRelease Value="1"></HardwareRelease>
            <SoftwareRelease Value="3.5.x"></SoftwareRelease>
          </ModuleInfo>
          <CertificationInfo ApplicationClass="" ConformanceClass="C" NetloadClass="III"></CertificationInfo>
          <SubslotList>
            <SubslotItem SubslotNumber="32768" TextId="X1"></SubslotItem>
            <SubslotItem SubslotNumber="32769" TextId="X1P1"></SubslotItem>
            <SubslotItem SubslotNumber="32770" TextId="X1P2"></SubslotItem>
          </SubslotList>
          <IOConfigData MaxInputLength="1024" MaxOutputLength="1024"></IOConfigData>
          <UseableModules>
            <ModuleItemRef AllowedInSlots="11..24" ModuleItemTarget="4byteinput" UsedInSlots="11..24"></ModuleItemRef>
            <ModuleItemRef AllowedInSlots="1..10" ModuleItemTarget="4byteoutput" UsedInSlots="1..10"></ModuleItemRef>
          </UseableModules>
          <VirtualSubmoduleList>
            <VirtualSubmoduleItem ID="DIM 24" SubmoduleIdentNumber="0x00002080" Writeable_IM_Records="1 2 3 4">
              <IOData IOCS_Length="1" IOPS_Length="1"></IOData>
              <ModuleInfo CategoryRef="DAP Module">
                <Name TextId="X20IF10E3-1_NETX V1.3.x.x"></Name>
                <InfoText TextId="DIM 24_InfoText"></InfoText>
              </ModuleInfo>
            </VirtualSubmoduleItem>
          </VirtualSubmoduleList>
          <SystemDefinedSubmoduleList>
            <InterfaceSubmoduleItem DCP_BoundarySupported="true" DCP_HelloSupported="true" ID="DIM 24 Interfacesubmodule" NetworkComponentDiagnosisSupported="true" PTP_BoundarySupported="true" SubmoduleIdentNumber="0x00002081" SubslotNumber="32768" SupportedMibs="MIB2" SupportedProtocols="SNMP;LLDP" SupportedRT_Classes="RT_CLASS_1;RT_CLASS_3" TextId="PN-IO">
              <RT_Class3Properties ForwardingMode="Relative" MaxBridgeDelay="5500" MaxNumberIR_FrameData="256" StartupMode="Advanced;Legacy"></RT_Class3Properties>
              <SynchronisationMode MaxLocalJitter="50" SupportedRole="SyncSlave" SupportedSyncProtocols="PTCP" T_PLL_MAX="1000"></SynchronisationMode>
              <ApplicationRelations NumberOfAR="2" StartupMode="Advanced;Legacy">
                <TimingProperties ReductionRatio="1 2 4 8 16 32 64 128 256 512" SendClock="32 64 128"></TimingProperties>
                <RT_Class3TimingProperties ReductionRatio="1 2 4 8 16" SendClock="8 16 32 64 128"></RT_Class3TimingProperties>
              </ApplicationRelations>
              <MediaRedundancy SupportedRole="Client"></MediaRedundancy>
            </InterfaceSubmoduleItem>
            <PortSubmoduleItem CheckMAUTypeSupported="true" ID="DIM 24 Portsubmodule 1" IsDefaultRingport="true" LinkStateDiagnosisCapability="Up+Down" MAUTypes="16" MaxPortRxDelay="340" MaxPortTxDelay="92" PortDeactivationSupported="true" SubmoduleIdentNumber="0x00002082" SubslotNumber="32769" TextId="Port1"></PortSubmoduleItem>
            <PortSubmoduleItem CheckMAUTypeSupported="true" ID="DIM 24 Portsubmodule 2" IsDefaultRingport="true" LinkStateDiagnosisCapability="Up+Down" MAUTypes="16" MaxPortRxDelay="340" MaxPortTxDelay="92" PortDeactivationSupported="true" SubmoduleIdentNumber="0x00002083" SubslotNumber="32770" TextId="Port2"></PortSubmoduleItem>
          </SystemDefinedSubmoduleList>
          <Graphics>
            <GraphicItemRef GraphicItemTarget="1" Type="DeviceSymbol"></GraphicItemRef>
            <GraphicItemRef GraphicItemTarget="1" Type="DeviceIcon"></GraphicItemRef>
          </Graphics>
        </DeviceAccessPointItem>
      </DeviceAccessPointList>
      <ModuleList>
        <ModuleItem ID="1byteinput" ModuleIdentNumber="0x00000002">
          <ModuleInfo CategoryRef="Input Module">
            <Name TextId="Module_1byteinput_Name"></Name>
            <InfoText TextId="Module_1byteinput_InfoText"></InfoText>
          </ModuleInfo>
          <VirtualSubmoduleList>
            <VirtualSubmoduleItem ID="1byteinput" SubmoduleIdentNumber="0x00000001">
              <IOData>
                <Input>
                  <DataItem DataType="OctetString" Length="1" TextId="DataItem_1byteinput_inputdata_0_Name"></DataItem>
                </Input>
              </IOData>
              <ModuleInfo>
                <Name TextId="Submodule_1byteinput_Name"></Name>
                <InfoText TextId="Submodule_1byteinput_InfoText"></InfoText>
              </ModuleInfo>
            </VirtualSubmoduleItem>
          </VirtualSubmoduleList>
        </ModuleItem>
        <ModuleItem ID="2byteinput" ModuleIdentNumber="0x00000004">
          <ModuleInfo CategoryRef="Input Module">
            <Name TextId="Module_2byteinput_Name"></Name>
            <InfoText TextId="Module_2byteinput_InfoText"></InfoText>
          </ModuleInfo>
          <VirtualSubmoduleList>
            <VirtualSubmoduleItem ID="2byteinput" SubmoduleIdentNumber="0x00000003">
              <IOData>
                <Input>
                  <DataItem DataType="OctetString" Length="2" TextId="DataItem_2byteinput_inputdata_0_Name"></DataItem>
                </Input>
              </IOData>
              <ModuleInfo>
                <Name TextId="Submodule_2byteinput_Name"></Name>
                <InfoText TextId="Submodule_2byteinput_InfoText"></InfoText>
              </ModuleInfo>
            </VirtualSubmoduleItem>
          </VirtualSubmoduleList>
        </ModuleItem>
        <ModuleItem ID="3byteinput" ModuleIdentNumber="0x00000006">
          <ModuleInfo CategoryRef="Input Module">
            <Name TextId="Module_3byteinput_Name"></Name>
            <InfoText TextId="Module_3byteinput_InfoText"></InfoText>
          </ModuleInfo>
          <VirtualSubmoduleList>
            <VirtualSubmoduleItem ID="3byteinput" SubmoduleIdentNumber="0x00000005">
              <IOData>
                <Input>
                  <DataItem DataType="OctetString" Length="3" TextId="DataItem_3byteinput_inputdata_0_Name"></DataItem>
                </Input>
              </IOData>
              <ModuleInfo>
                <Name TextId="Submodule_3byteinput_Name"></Name>
                <InfoText TextId="Submodule_3byteinput_InfoText"></InfoText>
              </ModuleInfo>
            </VirtualSubmoduleItem>
          </VirtualSubmoduleList>
        </ModuleItem>
        <ModuleItem ID="4byteinput" ModuleIdentNumber="0x00000008">
          <ModuleInfo CategoryRef="Input Module">
            <Name TextId="Module_4byteinput_Name"></Name>
            <InfoText TextId="Module_4byteinput_InfoText"></InfoText>
          </ModuleInfo>
          <VirtualSubmoduleList>
            <VirtualSubmoduleItem ID="4byteinput" SubmoduleIdentNumber="0x00000007">
              <IOData>
                <Input>
                  <DataItem DataType="OctetString" Length="4" TextId="DataItem_4byteinput_inputdata_0_Name"></DataItem>
                </Input>
              </IOData>
              <ModuleInfo>
                <Name TextId="Submodule_4byteinput_Name"></Name>
                <InfoText TextId="Submodule_4byteinput_InfoText"></InfoText>
              </ModuleInfo>
            </VirtualSubmoduleItem>
          </VirtualSubmoduleList>
        </ModuleItem>
        <ModuleItem ID="8byteinput" ModuleIdentNumber="0x0000000A">
          <ModuleInfo CategoryRef="Input Module">
            <Name TextId="Module_8byteinput_Name"></Name>
            <InfoText TextId="Module_8byteinput_InfoText"></InfoText>
          </ModuleInfo>
          <VirtualSubmoduleList>
            <VirtualSubmoduleItem ID="8byteinput" SubmoduleIdentNumber="0x00000009">
              <IOData>
                <Input>
                  <DataItem DataType="OctetString" Length="8" TextId="DataItem_8byteinput_inputdata_0_Name"></DataItem>
                </Input>
              </IOData>
              <ModuleInfo>
                <Name TextId="Submodule_8byteinput_Name"></Name>
                <InfoText TextId="Submodule_8byteinput_InfoText"></InfoText>
              </ModuleInfo>
            </VirtualSubmoduleItem>
          </VirtualSubmoduleList>
        </ModuleItem>
        <ModuleItem ID="12byteinput" ModuleIdentNumber="0x0000000C">
          <ModuleInfo CategoryRef="Input Module">
            <Name TextId="Module_12byteinput_Name"></Name>
            <InfoText TextId="Module_12byteinput_InfoText"></InfoText>
          </ModuleInfo>
          <VirtualSubmoduleList>
            <VirtualSubmoduleItem ID="12byteinput" SubmoduleIdentNumber="0x0000000B">
              <IOData>
                <Input>
                  <DataItem DataType="OctetString" Length="12" TextId="DataItem_12byteinput_inputdata_0_Name"></DataItem>
                </Input>
              </IOData>
              <ModuleInfo>
                <Name TextId="Submodule_12byteinput_Name"></Name>
                <InfoText TextId="Submodule_12byteinput_InfoText"></InfoText>
              </ModuleInfo>
            </VirtualSubmoduleItem>
          </VirtualSubmoduleList>
        </ModuleItem>
        <ModuleItem ID="16byteinput" ModuleIdentNumber="0x0000000E">
          <ModuleInfo CategoryRef="Input Module">
            <Name TextId="Module_16byteinput_Name"></Name>
            <InfoText TextId="Module_16byteinput_InfoText"></InfoText>
          </ModuleInfo>
          <VirtualSubmoduleList>
            <VirtualSubmoduleItem ID="16byteinput" SubmoduleIdentNumber="0x0000000D">
              <IOData>
                <Input>
                  <DataItem DataType="OctetString" Length="16" TextId="DataItem_16byteinput_inputdata_0_Name"></DataItem>
                </Input>
              </IOData>
              <ModuleInfo>
                <Name TextId="Submodule_16byteinput_Name"></Name>
                <InfoText TextId="Submodule_16byteinput_InfoText"></InfoText>
              </ModuleInfo>
            </VirtualSubmoduleItem>
          </VirtualSubmoduleList>
        </ModuleItem>
        <ModuleItem ID="20byteinput" ModuleIdentNumber="0x00000010">
          <ModuleInfo CategoryRef="Input Module">
            <Name TextId="Module_20byteinput_Name"></Name>
            <InfoText TextId="Module_20byteinput_InfoText"></InfoText>
          </ModuleInfo>
          <VirtualSubmoduleList>
            <VirtualSubmoduleItem ID="20byteinput" SubmoduleIdentNumber="0x0000000F">
              <IOData>
                <Input>
                  <DataItem DataType="OctetString" Length="20" TextId="DataItem_20byteinput_inputdata_0_Name"></DataItem>
                </Input>
              </IOData>
              <ModuleInfo>
                <Name TextId="Submodule_20byteinput_Name"></Name>
                <InfoText TextId="Submodule_20byteinput_InfoText"></InfoText>
              </ModuleInfo>
            </VirtualSubmoduleItem>
          </VirtualSubmoduleList>
        </ModuleItem>
        <ModuleItem ID="32byteinput" ModuleIdentNumber="0x00000012">
          <ModuleInfo CategoryRef="Input Module">
            <Name TextId="Module_32byteinput_Name"></Name>
            <InfoText TextId="Module_32byteinput_InfoText"></InfoText>
          </ModuleInfo>
          <VirtualSubmoduleList>
            <VirtualSubmoduleItem ID="32byteinput" SubmoduleIdentNumber="0x00000011">
              <IOData>
                <Input>
                  <DataItem DataType="OctetString" Length="32" TextId="DataItem_32byteinput_inputdata_0_Name"></DataItem>
                </Input>
              </IOData>
              <ModuleInfo>
                <Name TextId="Submodule_32byteinput_Name"></Name>
                <InfoText TextId="Submodule_32byteinput_InfoText"></InfoText>
              </ModuleInfo>
            </VirtualSubmoduleItem>
          </VirtualSubmoduleList>
        </ModuleItem>
        <ModuleItem ID="64byteinput" ModuleIdentNumber="0x00000014">
          <ModuleInfo CategoryRef="Input Module">
            <Name TextId="Module_64byteinput_Name"></Name>
            <InfoText TextId="Module_64byteinput_InfoText"></InfoText>
          </ModuleInfo>
          <VirtualSubmoduleList>
            <VirtualSubmoduleItem ID="64byteinput" SubmoduleIdentNumber="0x00000013">
              <IOData>
                <Input>
                  <DataItem DataType="OctetString" Length="64" TextId="DataItem_64byteinput_inputdata_0_Name"></DataItem>
                </Input>
              </IOData>
              <ModuleInfo>
                <Name TextId="Submodule_64byteinput_Name"></Name>
                <InfoText TextId="Submodule_64byteinput_InfoText"></InfoText>
              </ModuleInfo>
            </VirtualSubmoduleItem>
          </VirtualSubmoduleList>
        </ModuleItem>
        <ModuleItem ID="1real32input" ModuleIdentNumber="0x00000016">
          <ModuleInfo CategoryRef="Input Module">
            <Name TextId="Module_1real32input_Name"></Name>
            <InfoText TextId="Module_1real32input_InfoText"></InfoText>
          </ModuleInfo>
          <VirtualSubmoduleList>
            <VirtualSubmoduleItem ID="1real32input" SubmoduleIdentNumber="0x00000015">
              <IOData>
                <Input>
                  <DataItem DataType="Float32" TextId="DataItem_1real32input_inputdata_0_Name"></DataItem>
                </Input>
              </IOData>
              <ModuleInfo>
                <Name TextId="Submodule_1real32input_Name"></Name>
                <InfoText TextId="Submodule_1real32input_InfoText"></InfoText>
              </ModuleInfo>
            </VirtualSubmoduleItem>
          </VirtualSubmoduleList>
        </ModuleItem>
        <ModuleItem ID="1real64input" ModuleIdentNumber="0x00000018">
          <ModuleInfo CategoryRef="Input Module">
            <Name TextId="Module_1real64input_Name"></Name>
            <InfoText TextId="Module_1real64input_InfoText"></InfoText>
          </ModuleInfo>
          <VirtualSubmoduleList>
            <VirtualSubmoduleItem ID="1real64input" SubmoduleIdentNumber="0x00000017">
              <IOData>
                <Input>
                  <DataItem DataType="Float64" TextId="DataItem_1real64input_inputdata_0_Name"></DataItem>
                </Input>
              </IOData>
              <ModuleInfo>
                <Name TextId="Submodule_1real64input_Name"></Name>
                <InfoText TextId="Submodule_1real64input_InfoText"></InfoText>
              </ModuleInfo>
            </VirtualSubmoduleItem>
          </VirtualSubmoduleList>
        </ModuleItem>
        <ModuleItem ID="1unsigned16input" ModuleIdentNumber="0x0000001A">
          <ModuleInfo CategoryRef="Input Module">
            <Name TextId="Module_1unsigned16input_Name"></Name>
            <InfoText TextId="Module_1unsigned16input_InfoText"></InfoText>
          </ModuleInfo>
          <VirtualSubmoduleList>
            <VirtualSubmoduleItem ID="1unsigned16input" SubmoduleIdentNumber="0x00000019">
              <IOData>
                <Input>
                  <DataItem DataType="Unsigned16" TextId="DataItem_1unsigned16input_inputdata_0_Name"></DataItem>
                </Input>
              </IOData>
              <ModuleInfo>
                <Name TextId="Submodule_1unsigned16input_Name"></Name>
                <InfoText TextId="Submodule_1unsigned16input_InfoText"></InfoText>
              </ModuleInfo>
            </VirtualSubmoduleItem>
          </VirtualSubmoduleList>
        </ModuleItem>
        <ModuleItem ID="1unsigned32input" ModuleIdentNumber="0x0000001C">
          <ModuleInfo CategoryRef="Input Module">
            <Name TextId="Module_1unsigned32input_Name"></Name>
            <InfoText TextId="Module_1unsigned32input_InfoText"></InfoText>
          </ModuleInfo>
          <VirtualSubmoduleList>
            <VirtualSubmoduleItem ID="1unsigned32input" SubmoduleIdentNumber="0x0000001B">
              <IOData>
                <Input>
                  <DataItem DataType="Unsigned32" TextId="DataItem_1unsigned32input_inputdata_0_Name"></DataItem>
                </Input>
              </IOData>
              <ModuleInfo>
                <Name TextId="Submodule_1unsigned32input_Name"></Name>
                <InfoText TextId="Submodule_1unsigned32input_InfoText"></InfoText>
              </ModuleInfo>
            </VirtualSubmoduleItem>
          </VirtualSubmoduleList>
        </ModuleItem>
        <ModuleItem ID="1unsigned64input" ModuleIdentNumber="0x0000001E">
          <ModuleInfo CategoryRef="Input Module">
            <Name TextId="Module_1unsigned64input_Name"></Name>
            <InfoText TextId="Module_1unsigned64input_InfoText"></InfoText>
          </ModuleInfo>
          <VirtualSubmoduleList>
            <VirtualSubmoduleItem ID="1unsigned64input" SubmoduleIdentNumber="0x0000001D">
              <IOData>
                <Input>
                  <DataItem DataType="Unsigned64" TextId="DataItem_1unsigned64input_inputdata_0_Name"></DataItem>
                </Input>
              </IOData>
              <ModuleInfo>
                <Name TextId="Submodule_1unsigned64input_Name"></Name>
                <InfoText TextId="Submodule_1unsigned64input_InfoText"></InfoText>
              </ModuleInfo>
            </VirtualSubmoduleItem>
          </VirtualSubmoduleList>
        </ModuleItem>
        <ModuleItem ID="1integer16input" ModuleIdentNumber="0x00000020">
          <ModuleInfo CategoryRef="Input Module">
            <Name TextId="Module_1integer16input_Name"></Name>
            <InfoText TextId="Module_1integer16input_InfoText"></InfoText>
          </ModuleInfo>
          <VirtualSubmoduleList>
            <VirtualSubmoduleItem ID="1integer16input" SubmoduleIdentNumber="0x0000001F">
              <IOData>
                <Input>
                  <DataItem DataType="Integer16" TextId="DataItem_1integer16input_inputdata_0_Name"></DataItem>
                </Input>
              </IOData>
              <ModuleInfo>
                <Name TextId="Submodule_1integer16input_Name"></Name>
                <InfoText TextId="Submodule_1integer16input_InfoText"></InfoText>
              </ModuleInfo>
            </VirtualSubmoduleItem>
          </VirtualSubmoduleList>
        </ModuleItem>
        <ModuleItem ID="1integer32input" ModuleIdentNumber="0x00000022">
          <ModuleInfo CategoryRef="Input Module">
            <Name TextId="Module_1integer32input_Name"></Name>
            <InfoText TextId="Module_1integer32input_InfoText"></InfoText>
          </ModuleInfo>
          <VirtualSubmoduleList>
            <VirtualSubmoduleItem ID="1integer32input" SubmoduleIdentNumber="0x00000021">
              <IOData>
                <Input>
                  <DataItem DataType="Integer32" TextId="DataItem_1integer32input_inputdata_0_Name"></DataItem>
                </Input>
              </IOData>
              <ModuleInfo>
                <Name TextId="Submodule_1integer32input_Name"></Name>
                <InfoText TextId="Submodule_1integer32input_InfoText"></InfoText>
              </ModuleInfo>
            </VirtualSubmoduleItem>
          </VirtualSubmoduleList>
        </ModuleItem>
        <ModuleItem ID="1integer64input" ModuleIdentNumber="0x00000024">
          <ModuleInfo CategoryRef="Input Module">
            <Name TextId="Module_1integer64input_Name"></Name>
            <InfoText TextId="Module_1integer64input_InfoText"></InfoText>
          </ModuleInfo>
          <VirtualSubmoduleList>
            <VirtualSubmoduleItem ID="1integer64input" SubmoduleIdentNumber="0x00000023">
              <IOData>
                <Input>
                  <DataItem DataType="Integer64" TextId="DataItem_1integer64input_inputdata_0_Name"></DataItem>
                </Input>
              </IOData>
              <ModuleInfo>
                <Name TextId="Submodule_1integer64input_Name"></Name>
                <InfoText TextId="Submodule_1integer64input_InfoText"></InfoText>
              </ModuleInfo>
            </VirtualSubmoduleItem>
          </VirtualSubmoduleList>
        </ModuleItem>
        <ModuleItem ID="1byteoutput" ModuleIdentNumber="0x00000003">
          <ModuleInfo CategoryRef="Output Module">
            <Name TextId="Module_1byteoutput_Name"></Name>
            <InfoText TextId="Module_1byteoutput_InfoText"></InfoText>
          </ModuleInfo>
          <VirtualSubmoduleList>
            <VirtualSubmoduleItem ID="1byteoutput" SubmoduleIdentNumber="0x00000002">
              <IOData>
                <Output>
                  <DataItem DataType="OctetString" Length="1" TextId="DataItem_1byteoutput_outputdata_0_Name"></DataItem>
                </Output>
              </IOData>
              <ModuleInfo>
                <Name TextId="Submodule_1byteoutput_Name"></Name>
                <InfoText TextId="Submodule_1byteoutput_InfoText"></InfoText>
              </ModuleInfo>
            </VirtualSubmoduleItem>
          </VirtualSubmoduleList>
        </ModuleItem>
        <ModuleItem ID="2byteoutput" ModuleIdentNumber="0x00000005">
          <ModuleInfo CategoryRef="Output Module">
            <Name TextId="Module_2byteoutput_Name"></Name>
            <InfoText TextId="Module_2byteoutput_InfoText"></InfoText>
          </ModuleInfo>
          <VirtualSubmoduleList>
            <VirtualSubmoduleItem ID="2byteoutput" SubmoduleIdentNumber="0x00000004">
              <IOData>
                <Output>
                  <DataItem DataType="OctetString" Length="2" TextId="DataItem_2byteoutput_outputdata_0_Name"></DataItem>
                </Output>
              </IOData>
              <ModuleInfo>
                <Name TextId="Submodule_2byteoutput_Name"></Name>
                <InfoText TextId="Submodule_2byteoutput_InfoText"></InfoText>
              </ModuleInfo>
            </VirtualSubmoduleItem>
          </VirtualSubmoduleList>
        </ModuleItem>
        <ModuleItem ID="3byteoutput" ModuleIdentNumber="0x00000007">
          <ModuleInfo CategoryRef="Output Module">
            <Name TextId="Module_3byteoutput_Name"></Name>
            <InfoText TextId="Module_3byteoutput_InfoText"></InfoText>
          </ModuleInfo>
          <VirtualSubmoduleList>
            <VirtualSubmoduleItem ID="3byteoutput" SubmoduleIdentNumber="0x00000006">
              <IOData>
                <Output>
                  <DataItem DataType="OctetString" Length="3" TextId="DataItem_3byteoutput_outputdata_0_Name"></DataItem>
                </Output>
              </IOData>
              <ModuleInfo>
                <Name TextId="Submodule_3byteoutput_Name"></Name>
                <InfoText TextId="Submodule_3byteoutput_InfoText"></InfoText>
              </ModuleInfo>
            </VirtualSubmoduleItem>
          </VirtualSubmoduleList>
        </ModuleItem>
        <ModuleItem ID="4byteoutput" ModuleIdentNumber="0x00000009">
          <ModuleInfo CategoryRef="Output Module">
            <Name TextId="Module_4byteoutput_Name"></Name>
            <InfoText TextId="Module_4byteoutput_InfoText"></InfoText>
          </ModuleInfo>
          <VirtualSubmoduleList>
            <VirtualSubmoduleItem ID="4byteoutput" SubmoduleIdentNumber="0x00000008">
              <IOData>
                <Output>
                  <DataItem DataType="OctetString" Length="4" TextId="DataItem_4byteoutput_outputdata_0_Name"></DataItem>
                </Output>
              </IOData>
              <ModuleInfo>
                <Name TextId="Submodule_4byteoutput_Name"></Name>
                <InfoText TextId="Submodule_4byteoutput_InfoText"></InfoText>
              </ModuleInfo>
            </VirtualSubmoduleItem>
          </VirtualSubmoduleList>
        </ModuleItem>
        <ModuleItem ID="8byteoutput" ModuleIdentNumber="0x0000000B">
          <ModuleInfo CategoryRef="Output Module">
            <Name TextId="Module_8byteoutput_Name"></Name>
            <InfoText TextId="Module_8byteoutput_InfoText"></InfoText>
          </ModuleInfo>
          <VirtualSubmoduleList>
            <VirtualSubmoduleItem ID="8byteoutput" SubmoduleIdentNumber="0x0000000A">
              <IOData>
                <Output>
                  <DataItem DataType="OctetString" Length="8" TextId="DataItem_8byteoutput_outputdata_0_Name"></DataItem>
                </Output>
              </IOData>
              <ModuleInfo>
                <Name TextId="Submodule_8byteoutput_Name"></Name>
                <InfoText TextId="Submodule_8byteoutput_InfoText"></InfoText>
              </ModuleInfo>
            </VirtualSubmoduleItem>
          </VirtualSubmoduleList>
        </ModuleItem>
        <ModuleItem ID="12byteoutput" ModuleIdentNumber="0x0000000D">
          <ModuleInfo CategoryRef="Output Module">
            <Name TextId="Module_12byteoutput_Name"></Name>
            <InfoText TextId="Module_12byteoutput_InfoText"></InfoText>
          </ModuleInfo>
          <VirtualSubmoduleList>
            <VirtualSubmoduleItem ID="12byteoutput" SubmoduleIdentNumber="0x0000000C">
              <IOData>
                <Output>
                  <DataItem DataType="OctetString" Length="12" TextId="DataItem_12byteoutput_outputdata_0_Name"></DataItem>
                </Output>
              </IOData>
              <ModuleInfo>
                <Name TextId="Submodule_12byteoutput_Name"></Name>
                <InfoText TextId="Submodule_12byteoutput_InfoText"></InfoText>
              </ModuleInfo>
            </VirtualSubmoduleItem>
          </VirtualSubmoduleList>
        </ModuleItem>
        <ModuleItem ID="16byteoutput" ModuleIdentNumber="0x0000000F">
          <ModuleInfo CategoryRef="Output Module">
            <Name TextId="Module_16byteoutput_Name"></Name>
            <InfoText TextId="Module_16byteoutput_InfoText"></InfoText>
          </ModuleInfo>
          <VirtualSubmoduleList>
            <VirtualSubmoduleItem ID="16byteoutput" SubmoduleIdentNumber="0x0000000E">
              <IOData>
                <Output>
                  <DataItem DataType="OctetString" Length="16" TextId="DataItem_16byteoutput_outputdata_0_Name"></DataItem>
                </Output>
              </IOData>
              <ModuleInfo>
                <Name TextId="Submodule_16byteoutput_Name"></Name>
                <InfoText TextId="Submodule_16byteoutput_InfoText"></InfoText>
              </ModuleInfo>
            </VirtualSubmoduleItem>
          </VirtualSubmoduleList>
        </ModuleItem>
        <ModuleItem ID="20byteoutput" ModuleIdentNumber="0x00000011">
          <ModuleInfo CategoryRef="Output Module">
            <Name TextId="Module_20byteoutput_Name"></Name>
            <InfoText TextId="Module_20byteoutput_InfoText"></InfoText>
          </ModuleInfo>
          <VirtualSubmoduleList>
            <VirtualSubmoduleItem ID="20byteoutput" SubmoduleIdentNumber="0x00000010">
              <IOData>
                <Output>
                  <DataItem DataType="OctetString" Length="20" TextId="DataItem_20byteoutput_outputdata_0_Name"></DataItem>
                </Output>
              </IOData>
              <ModuleInfo>
                <Name TextId="Submodule_20byteoutput_Name"></Name>
                <InfoText TextId="Submodule_20byteoutput_InfoText"></InfoText>
              </ModuleInfo>
            </VirtualSubmoduleItem>
          </VirtualSubmoduleList>
        </ModuleItem>
        <ModuleItem ID="32byteoutput" ModuleIdentNumber="0x00000013">
          <ModuleInfo CategoryRef="Output Module">
            <Name TextId="Module_32byteoutput_Name"></Name>
            <InfoText TextId="Module_32byteoutput_InfoText"></InfoText>
          </ModuleInfo>
          <VirtualSubmoduleList>
            <VirtualSubmoduleItem ID="32byteoutput" SubmoduleIdentNumber="0x00000012">
              <IOData>
                <Output>
                  <DataItem DataType="OctetString" Length="32" TextId="DataItem_32byteoutput_outputdata_0_Name"></DataItem>
                </Output>
              </IOData>
              <ModuleInfo>
                <Name TextId="Submodule_32byteoutput_Name"></Name>
                <InfoText TextId="Submodule_32byteoutput_InfoText"></InfoText>
              </ModuleInfo>
            </VirtualSubmoduleItem>
          </VirtualSubmoduleList>
        </ModuleItem>
        <ModuleItem ID="64byteoutput" ModuleIdentNumber="0x00000015">
          <ModuleInfo CategoryRef="Output Module">
            <Name TextId="Module_64byteoutput_Name"></Name>
            <InfoText TextId="Module_64byteoutput_InfoText"></InfoText>
          </ModuleInfo>
          <VirtualSubmoduleList>
            <VirtualSubmoduleItem ID="64byteoutput" SubmoduleIdentNumber="0x00000014">
              <IOData>
                <Output>
                  <DataItem DataType="OctetString" Length="64" TextId="DataItem_64byteoutput_outputdata_0_Name"></DataItem>
                </Output>
              </IOData>
              <ModuleInfo>
                <Name TextId="Submodule_64byteoutput_Name"></Name>
                <InfoText TextId="Submodule_64byteoutput_InfoText"></InfoText>
              </ModuleInfo>
            </VirtualSubmoduleItem>
          </VirtualSubmoduleList>
        </ModuleItem>
        <ModuleItem ID="1real32output" ModuleIdentNumber="0x00000017">
          <ModuleInfo CategoryRef="Output Module">
            <Name TextId="Module_1real32output_Name"></Name>
            <InfoText TextId="Module_1real32output_InfoText"></InfoText>
          </ModuleInfo>
          <VirtualSubmoduleList>
            <VirtualSubmoduleItem ID="1real32output" SubmoduleIdentNumber="0x00000016">
              <IOData>
                <Output>
                  <DataItem DataType="Float32" TextId="DataItem_1real32output_outputdata_0_Name"></DataItem>
                </Output>
              </IOData>
              <ModuleInfo>
                <Name TextId="Submodule_1real32output_Name"></Name>
                <InfoText TextId="Submodule_1real32output_InfoText"></InfoText>
              </ModuleInfo>
            </VirtualSubmoduleItem>
          </VirtualSubmoduleList>
        </ModuleItem>
        <ModuleItem ID="1real64output" ModuleIdentNumber="0x00000019">
          <ModuleInfo CategoryRef="Output Module">
            <Name TextId="Module_1real64output_Name"></Name>
            <InfoText TextId="Module_1real64output_InfoText"></InfoText>
          </ModuleInfo>
          <VirtualSubmoduleList>
            <VirtualSubmoduleItem ID="1real64output" SubmoduleIdentNumber="0x00000018">
              <IOData>
                <Output>
                  <DataItem DataType="Float64" TextId="DataItem_1real64output_outputdata_0_Name"></DataItem>
                </Output>
              </IOData>
              <ModuleInfo>
                <Name TextId="Submodule_1real64output_Name"></Name>
                <InfoText TextId="Submodule_1real64output_InfoText"></InfoText>
              </ModuleInfo>
            </VirtualSubmoduleItem>
          </VirtualSubmoduleList>
        </ModuleItem>
        <ModuleItem ID="1unsigned16output" ModuleIdentNumber="0x0000001B">
          <ModuleInfo CategoryRef="Output Module">
            <Name TextId="Module_1unsigned16output_Name"></Name>
            <InfoText TextId="Module_1unsigned16output_InfoText"></InfoText>
          </ModuleInfo>
          <VirtualSubmoduleList>
            <VirtualSubmoduleItem ID="1unsigned16output" SubmoduleIdentNumber="0x0000001A">
              <IOData>
                <Output>
                  <DataItem DataType="Unsigned16" TextId="DataItem_1unsigned16output_outputdata_0_Name"></DataItem>
                </Output>
              </IOData>
              <ModuleInfo>
                <Name TextId="Submodule_1unsigned16output_Name"></Name>
                <InfoText TextId="Submodule_1unsigned16output_InfoText"></InfoText>
              </ModuleInfo>
            </VirtualSubmoduleItem>
          </VirtualSubmoduleList>
        </ModuleItem>
        <ModuleItem ID="1unsigned32output" ModuleIdentNumber="0x0000001D">
          <ModuleInfo CategoryRef="Output Module">
            <Name TextId="Module_1unsigned32output_Name"></Name>
            <InfoText TextId="Module_1unsigned32output_InfoText"></InfoText>
          </ModuleInfo>
          <VirtualSubmoduleList>
            <VirtualSubmoduleItem ID="1unsigned32output" SubmoduleIdentNumber="0x0000001C">
              <IOData>
                <Output>
                  <DataItem DataType="Unsigned32" TextId="DataItem_1unsigned32output_outputdata_0_Name"></DataItem>
                </Output>
              </IOData>
              <ModuleInfo>
                <Name TextId="Submodule_1unsigned32output_Name"></Name>
                <InfoText TextId="Submodule_1unsigned32output_InfoText"></InfoText>
              </ModuleInfo>
            </VirtualSubmoduleItem>
          </VirtualSubmoduleList>
        </ModuleItem>
        <ModuleItem ID="1unsigned64output" ModuleIdentNumber="0x0000001F">
          <ModuleInfo CategoryRef="Output Module">
            <Name TextId="Module_1unsigned64output_Name"></Name>
            <InfoText TextId="Module_1unsigned64output_InfoText"></InfoText>
          </ModuleInfo>
          <VirtualSubmoduleList>
            <VirtualSubmoduleItem ID="1unsigned64output" SubmoduleIdentNumber="0x0000001E">
              <IOData>
                <Output>
                  <DataItem DataType="Unsigned64" TextId="DataItem_1unsigned64output_outputdata_0_Name"></DataItem>
                </Output>
              </IOData>
              <ModuleInfo>
                <Name TextId="Submodule_1unsigned64output_Name"></Name>
                <InfoText TextId="Submodule_1unsigned64output_InfoText"></InfoText>
              </ModuleInfo>
            </VirtualSubmoduleItem>
          </VirtualSubmoduleList>
        </ModuleItem>
        <ModuleItem ID="1integer16output" ModuleIdentNumber="0x00000021">
          <ModuleInfo CategoryRef="Output Module">
            <Name TextId="Module_1integer16output_Name"></Name>
            <InfoText TextId="Module_1integer16output_InfoText"></InfoText>
          </ModuleInfo>
          <VirtualSubmoduleList>
            <VirtualSubmoduleItem ID="1integer16output" SubmoduleIdentNumber="0x00000020">
              <IOData>
                <Output>
                  <DataItem DataType="Integer16" TextId="DataItem_1integer16output_outputdata_0_Name"></DataItem>
                </Output>
              </IOData>
              <ModuleInfo>
                <Name TextId="Submodule_1integer16output_Name"></Name>
                <InfoText TextId="Submodule_1integer16output_InfoText"></InfoText>
              </ModuleInfo>
            </VirtualSubmoduleItem>
          </VirtualSubmoduleList>
        </ModuleItem>
        <ModuleItem ID="1integer32output" ModuleIdentNumber="0x00000023">
          <ModuleInfo CategoryRef="Output Module">
            <Name TextId="Module_1integer32output_Name"></Name>
            <InfoText TextId="Module_1integer32output_InfoText"></InfoText>
          </ModuleInfo>
          <VirtualSubmoduleList>
            <VirtualSubmoduleItem ID="1integer32output" SubmoduleIdentNumber="0x00000022">
              <IOData>
                <Output>
                  <DataItem DataType="Integer32" TextId="DataItem_1integer32output_outputdata_0_Name"></DataItem>
                </Output>
              </IOData>
              <ModuleInfo>
                <Name TextId="Submodule_1integer32output_Name"></Name>
                <InfoText TextId="Submodule_1integer32output_InfoText"></InfoText>
              </ModuleInfo>
            </VirtualSubmoduleItem>
          </VirtualSubmoduleList>
        </ModuleItem>
        <ModuleItem ID="1integer64output" ModuleIdentNumber="0x00000025">
          <ModuleInfo CategoryRef="Output Module">
            <Name TextId="Module_1integer64output_Name"></Name>
            <InfoText TextId="Module_1integer64output_InfoText"></InfoText>
          </ModuleInfo>
          <VirtualSubmoduleList>
            <VirtualSubmoduleItem ID="1integer64output" SubmoduleIdentNumber="0x00000024">
              <IOData>
                <Output>
                  <DataItem DataType="Integer64" TextId="DataItem_1integer64output_outputdata_0_Name"></DataItem>
                </Output>
              </IOData>
              <ModuleInfo>
                <Name TextId="Submodule_1integer64output_Name"></Name>
                <InfoText TextId="Submodule_1integer64output_InfoText"></InfoText>
              </ModuleInfo>
            </VirtualSubmoduleItem>
          </VirtualSubmoduleList>
        </ModuleItem>
      </ModuleList>
      <ChannelDiagList>
        <!-- vendor specific Channel ErrorType=0x0100, nothing new here -->
        <ChannelDiagItem ErrorType="256">
          <Name TextId="Error_in_phase_monitoring"></Name>
        </ChannelDiagItem>
        <ChannelDiagItem ErrorType="257">
          <Name TextId="Error/fault_due_to_tripped_fuse_in_control_cabinet"></Name>
        </ChannelDiagItem>
        <ChannelDiagItem ErrorType="258">
          <Name TextId="Fault_in_motor_travel_movement_(contouring_error)"></Name>
        </ChannelDiagItem>
        <ChannelDiagItem ErrorType="259">
          <Name TextId="Error_in_temperature_monitoring"></Name>
        </ChannelDiagItem>
        <ChannelDiagItem ErrorType="260">
          <Name TextId="Master_current_4_mA"></Name>
        </ChannelDiagItem>
        <ChannelDiagItem ErrorType="261">
          <Name TextId="Frame_code_invalid"></Name>
        </ChannelDiagItem>
        <ChannelDiagItem ErrorType="262">
          <Name TextId="Frame_code_must_be_between_1_and_15"></Name>
        </ChannelDiagItem>
        <ChannelDiagItem ErrorType="263">
          <Name TextId="System_not_referenced"></Name>
        </ChannelDiagItem>
        <ChannelDiagItem ErrorType="264">
          <Name TextId="Error_with_Profile.xml"></Name>
        </ChannelDiagItem>
        <ChannelDiagItem ErrorType="265">
          <Name TextId="Construction_no._not_available"></Name>
        </ChannelDiagItem>
        <ChannelDiagItem ErrorType="266">
          <Name TextId="Run_over_negative_SW-End"></Name>
        </ChannelDiagItem>
        <ChannelDiagItem ErrorType="267">
          <Name TextId="Run_over_positive_SW-End"></Name>
        </ChannelDiagItem>
        <ChannelDiagItem ErrorType="268">
          <Name TextId="Position_target_outside_the_software_limit_positions"></Name>
        </ChannelDiagItem>
        <ChannelDiagItem ErrorType="269">
          <Name TextId="invalid_position"></Name>
        </ChannelDiagItem>
        <ChannelDiagItem ErrorType="270">
          <Name TextId="Force_deceeded"></Name>
        </ChannelDiagItem>
        <ChannelDiagItem ErrorType="271">
          <Name TextId="Force_exceeded"></Name>
        </ChannelDiagItem>
        <ChannelDiagItem ErrorType="272">
          <Name TextId="Process_NOK"></Name>
        </ChannelDiagItem>
        <ChannelDiagItem ErrorType="273">
          <Name TextId="EMERGENCY-STOP_actuated"></Name>
        </ChannelDiagItem>
      </ChannelDiagList>
      <GraphicsList>
        <GraphicItem GraphicFile="GSDML_KUKLA_X20IF10E3_1" ID="1"></GraphicItem>
      </GraphicsList>
      <CategoryList>
        <CategoryItem ID="DAP Module" TextId="DAP Module_CategoryName"></CategoryItem>
        <CategoryItem ID="Input Module" TextId="Input Module_CategoryName"></CategoryItem>
        <CategoryItem ID="Output Module" TextId="Output Module_CategoryName"></CategoryItem>
      </CategoryList>
      <ExternalTextList>
        <PrimaryLanguage>
          <Text TextId="Error_in_phase_monitoring" Value="Error in phase monitoring"></Text>
          <Text TextId="Error/fault_due_to_tripped_fuse_in_control_cabinet" Value="Error/fault due to tripped fuse in control cabinet"></Text>
          <Text TextId="Fault_in_motor_travel_movement_(contouring_error)" Value="Fault in motor travel movement (contouring error)"></Text>
          <Text TextId="Error_in_temperature_monitoring" Value="Error in temperature monitoring"></Text>
          <Text TextId="Master_current_4_mA" Value="Master current &lt; 4 mA"></Text>
          <Text TextId="Frame_code_invalid" Value="Frame code invalid"></Text>
          <Text TextId="Frame_code_must_be_between_1_and_15" Value="Frame code must be between 1 and 15"></Text>
          <Text TextId="System_not_referenced" Value="System not referenced"></Text>
          <Text TextId="Error_with_Profile.xml" Value="Error with Profile.xml"></Text>
          <Text TextId="Construction_no._not_available" Value="Construction no. not available"></Text>
          <Text TextId="Run_over_negative_SW-End" Value="Run over negative SW-End"></Text>
          <Text TextId="Run_over_positive_SW-End" Value="Run over positive SW-End"></Text>
          <Text TextId="Position_target_outside_the_software_limit_positions" Value="Position target outside the software limit positions"></Text>
          <Text TextId="invalid_position" Value="invalid position"></Text>
          <Text TextId="Force_deceeded" Value="Force deceeded"></Text>
          <Text TextId="Force_exceeded" Value="Force exceeded"></Text>
          <Text TextId="Process_NOK" Value="Process NOK"></Text>
          <Text TextId="EMERGENCY-STOP_actuated" Value="EMERGENCY-STOP actuated"></Text>
          <Text TextId="X20IF10E3-1_NETX V1.0.0.0-V1.2.x.x" Value="X20IF10E3-1_NETX V1.0.0.0-V1.2.x.x"></Text>
          <Text TextId="X20IF10E3-1_NETX V1.3.x.x" Value="X20IF10E3-1_NETX V1.3.x.x"></Text>
          <Text TextId="DAP_X20IF10E3-1" Value="DAP_X20IF10E3-1"></Text>
          <Text TextId="DAP Module_CategoryName" Value="Device Access Point Modules"></Text>
          <Text TextId="DIM 24_InfoText" Value="Upgrade version V1.3.x.x Identification &amp; Maintenance 1-5, Shared Device, RT and IRT Communication, Advanced startup."></Text>
          <Text TextId="DIM 3_InfoText" Value="Upgrade version V1.0.x.x - V1.2.x.x Identification &amp; Maintenance 1-4, RT and IRT Communication."></Text>
          <Text TextId="DataItem_12byteinput_inputdata_0_Name" Value="Inputs"></Text>
          <Text TextId="DataItem_12byteoutput_outputdata_0_Name" Value="Outputs"></Text>
          <Text TextId="DataItem_16byteinput_inputdata_0_Name" Value="Inputs"></Text>
          <Text TextId="DataItem_16byteoutput_outputdata_0_Name" Value="Outputs"></Text>
          <Text TextId="DataItem_1byteinput_inputdata_0_Name" Value="Inputs"></Text>
          <Text TextId="DataItem_1byteoutput_outputdata_0_Name" Value="Outputs"></Text>
          <Text TextId="DataItem_20byteinput_inputdata_0_Name" Value="Inputs"></Text>
          <Text TextId="DataItem_20byteoutput_outputdata_0_Name" Value="Outputs"></Text>
          <Text TextId="DataItem_2byteinput_inputdata_0_Name" Value="Inputs"></Text>
          <Text TextId="DataItem_2byteoutput_outputdata_0_Name" Value="Outputs"></Text>
          <Text TextId="DataItem_32byteinput_inputdata_0_Name" Value="Inputs"></Text>
          <Text TextId="DataItem_32byteoutput_outputdata_0_Name" Value="Outputs"></Text>
          <Text TextId="DataItem_3byteinput_inputdata_0_Name" Value="Inputs"></Text>
          <Text TextId="DataItem_3byteoutput_outputdata_0_Name" Value="Outputs"></Text>
          <Text TextId="DataItem_4byteinput_inputdata_0_Name" Value="Inputs"></Text>
          <Text TextId="DataItem_4byteoutput_outputdata_0_Name" Value="Outputs"></Text>
          <Text TextId="DataItem_64byteinput_inputdata_0_Name" Value="Inputs"></Text>
          <Text TextId="DataItem_64byteoutput_outputdata_0_Name" Value="Outputs"></Text>
          <Text TextId="DataItem_8byteinput_inputdata_0_Name" Value="Inputs"></Text>
          <Text TextId="DataItem_8byteoutput_outputdata_0_Name" Value="Outputs"></Text>
          <Text TextId="DeviceDescription_InfoText" Value="X20 interface module PROFINET IO-Device."></Text>
          <Text TextId="Input Module_CategoryName" Value="Input Modules"></Text>
          <Text TextId="Module_12byteinput_InfoText" Value="12 Bytes Input Module"></Text>
          <Text TextId="Module_12byteinput_Name" Value="12 Bytes Input"></Text>
          <Text TextId="Module_12byteoutput_InfoText" Value="12 Bytes Output Module"></Text>
          <Text TextId="Module_12byteoutput_Name" Value="12 Bytes Output"></Text>
          <Text TextId="Module_16byteinput_InfoText" Value="16 Bytes Input Module"></Text>
          <Text TextId="Module_16byteinput_Name" Value="16 Bytes Input"></Text>
          <Text TextId="Module_16byteoutput_InfoText" Value="16 Bytes Output Module"></Text>
          <Text TextId="Module_16byteoutput_Name" Value="16 Bytes Output"></Text>
          <Text TextId="Module_1byteinput_InfoText" Value="1 Byte Input Module"></Text>
          <Text TextId="Module_1byteinput_Name" Value="1 Byte Input"></Text>
          <Text TextId="Module_1byteoutput_InfoText" Value="1 Byte Output Module"></Text>
          <Text TextId="Module_1byteoutput_Name" Value="1 Byte Output"></Text>
          <Text TextId="Module_20byteinput_InfoText" Value="20 Bytes Input Module"></Text>
          <Text TextId="Module_20byteinput_Name" Value="20 Bytes Input"></Text>
          <Text TextId="Module_20byteoutput_InfoText" Value="20 Bytes Output Module"></Text>
          <Text TextId="Module_20byteoutput_Name" Value="20 Bytes Output"></Text>
          <Text TextId="Module_2byteinput_InfoText" Value="2 Bytes Input Module"></Text>
          <Text TextId="Module_2byteinput_Name" Value="2 Bytes Input"></Text>
          <Text TextId="Module_2byteoutput_InfoText" Value="2 Bytes Output Module"></Text>
          <Text TextId="Module_2byteoutput_Name" Value="2 Byte Output"></Text>
          <Text TextId="Module_32byteinput_InfoText" Value="32 Bytes Input Module"></Text>
          <Text TextId="Module_32byteinput_Name" Value="32 Bytes Input"></Text>
          <Text TextId="Module_32byteoutput_InfoText" Value="32 Bytes Output Module"></Text>
          <Text TextId="Module_32byteoutput_Name" Value="32 Bytes Output"></Text>
          <Text TextId="Module_3byteinput_InfoText" Value="3 Bytes Input Module"></Text>
          <Text TextId="Module_3byteinput_Name" Value="3 Bytes Input"></Text>
          <Text TextId="Module_3byteoutput_InfoText" Value="3 Bytes Output Module"></Text>
          <Text TextId="Module_3byteoutput_Name" Value="3 Bytes Output"></Text>
          <Text TextId="Module_4byteinput_InfoText" Value="4 Bytes Input Module"></Text>
          <Text TextId="Module_4byteinput_Name" Value="DWC7_P740x_BusOutDW"></Text>
          <Text TextId="Module_4byteoutput_InfoText" Value="4 Bytes Output Module"></Text>
          <Text TextId="Module_4byteoutput_Name" Value="DWC7_P720x_BusInDW"></Text>
          <Text TextId="Module_64byteinput_InfoText" Value="64 Bytes Input Module"></Text>
          <Text TextId="Module_64byteinput_Name" Value="64 Bytes Input"></Text>
          <Text TextId="Module_64byteoutput_InfoText" Value="64 Bytes Output Module"></Text>
          <Text TextId="Module_64byteoutput_Name" Value="64 Bytes Output"></Text>
          <Text TextId="Module_8byteinput_InfoText" Value="8 Bytes Input Module"></Text>
          <Text TextId="Module_8byteinput_Name" Value="8 Bytes Input"></Text>
          <Text TextId="Module_8byteoutput_InfoText" Value="8 Bytes Output Module"></Text>
          <Text TextId="Module_8byteoutput_Name" Value="8 Bytes Output"></Text>
          <Text TextId="Output Module_CategoryName" Value="Output Modules"></Text>
          <Text TextId="PN-IO" Value="PN-IO"></Text>
          <Text TextId="Port1" Value="Port 1"></Text>
          <Text TextId="Port2" Value="Port 2"></Text>
          <Text TextId="Submodule_12byteinput_InfoText" Value="12 Bytes Input Submodule"></Text>
          <Text TextId="Submodule_12byteinput_Name" Value="12 Bytes Input"></Text>
          <Text TextId="Submodule_12byteoutput_InfoText" Value="12 Bytes Output Submodule"></Text>
          <Text TextId="Submodule_12byteoutput_Name" Value="12 Bytes Output"></Text>
          <Text TextId="Submodule_16byteinput_InfoText" Value="16 Bytes Input Submodule"></Text>
          <Text TextId="Submodule_16byteinput_Name" Value="16 Bytes Input"></Text>
          <Text TextId="Submodule_16byteoutput_InfoText" Value="16 Bytes Output Submodule"></Text>
          <Text TextId="Submodule_16byteoutput_Name" Value="16 Bytes Output"></Text>
          <Text TextId="Submodule_1byteinput_InfoText" Value="1 Byte Input Submodule"></Text>
          <Text TextId="Submodule_1byteinput_Name" Value="1 Byte Input"></Text>
          <Text TextId="Submodule_1byteoutput_InfoText" Value="1 Byte Output Submodule"></Text>
          <Text TextId="Submodule_1byteoutput_Name" Value="1 Byte Output"></Text>
          <Text TextId="Submodule_20byteinput_InfoText" Value="20 Bytes Input Submodule"></Text>
          <Text TextId="Submodule_20byteinput_Name" Value="20 Bytes Input"></Text>
          <Text TextId="Submodule_20byteoutput_InfoText" Value="20 Bytes Output Submodule"></Text>
          <Text TextId="Submodule_20byteoutput_Name" Value="20 Bytes Output"></Text>
          <Text TextId="Submodule_2byteinput_InfoText" Value="2 Bytes Input Submodule"></Text>
          <Text TextId="Submodule_2byteinput_Name" Value="2 Bytes Input"></Text>
          <Text TextId="Submodule_2byteoutput_InfoText" Value="2 Byte Output Submodule"></Text>
          <Text TextId="Submodule_2byteoutput_Name" Value="2 Byte Output"></Text>
          <Text TextId="Submodule_32byteinput_InfoText" Value="32 Bytes Input Submodule"></Text>
          <Text TextId="Submodule_32byteinput_Name" Value="32 Bytes Input"></Text>
          <Text TextId="Submodule_32byteoutput_InfoText" Value="32 Bytes Output Submodule"></Text>
          <Text TextId="Submodule_32byteoutput_Name" Value="32 Bytes Output"></Text>
          <Text TextId="Submodule_3byteinput_InfoText" Value="3 Bytes Input Submodule"></Text>
          <Text TextId="Submodule_3byteinput_Name" Value="3 Bytes Input"></Text>
          <Text TextId="Submodule_3byteoutput_InfoText" Value="3 Byte Output Submodule"></Text>
          <Text TextId="Submodule_3byteoutput_Name" Value="3 Byte Output"></Text>
          <Text TextId="Submodule_4byteinput_InfoText" Value="4 Bytes Input Submodule"></Text>
          <Text TextId="Submodule_4byteinput_Name" Value="4 Bytes Input"></Text>
          <Text TextId="Submodule_4byteoutput_InfoText" Value="4 Byte Output Submodule"></Text>
          <Text TextId="Submodule_4byteoutput_Name" Value="4 Bytes Output"></Text>
          <Text TextId="Submodule_64byteinput_InfoText" Value="64 Bytes Input Submodule"></Text>
          <Text TextId="Submodule_64byteinput_Name" Value="64 Bytes Input"></Text>
          <Text TextId="Submodule_64byteoutput_InfoText" Value="64 Bytes Output Submodule"></Text>
          <Text TextId="Submodule_64byteoutput_Name" Value="64 Bytes Output"></Text>
          <Text TextId="Submodule_8byteinput_InfoText" Value="8 Bytes Input Submodule"></Text>
          <Text TextId="Submodule_8byteinput_Name" Value="8 Bytes Input"></Text>
          <Text TextId="Submodule_8byteoutput_InfoText" Value="8 Byte Output Submodule"></Text>
          <Text TextId="Submodule_8byteoutput_Name" Value="8 Bytes Output"></Text>
          <Text TextId="X1" Value="X1"></Text>
          <Text TextId="X1P1" Value="X1 P1"></Text>
          <Text TextId="X1P2" Value="X1 P2"></Text>
          <Text TextId="Submodule_1real32input_InfoText" Value="1 Real32 Input Submodule"></Text>
          <Text TextId="Submodule_1real32input_Name" Value="1 Real32 Input"></Text>
          <Text TextId="Submodule_1real32output_InfoText" Value="1 Real32 Output Submodule"></Text>
          <Text TextId="Submodule_1real32output_Name" Value="1 Real32 Output"></Text>
          <Text TextId="Module_1real32input_InfoText" Value="1 Real32 Input Module"></Text>
          <Text TextId="Module_1real32input_Name" Value="1 Real32 Input"></Text>
          <Text TextId="Module_1real32output_InfoText" Value="1 Real32 Output Module"></Text>
          <Text TextId="Module_1real32output_Name" Value="1 Real32 Output"></Text>
          <Text TextId="DataItem_1real32input_inputdata_0_Name" Value="Inputs"></Text>
          <Text TextId="DataItem_1real32output_outputdata_0_Name" Value="Outputs"></Text>
          <Text TextId="Submodule_1real64input_InfoText" Value="1 Real64 Input Submodule"></Text>
          <Text TextId="Submodule_1real64input_Name" Value="1 Real64 Input"></Text>
          <Text TextId="Submodule_1real64output_InfoText" Value="1 Real64 Output Submodule"></Text>
          <Text TextId="Submodule_1real64output_Name" Value="1 Real64 Output"></Text>
          <Text TextId="Module_1real64input_InfoText" Value="1 Real64 Input Module"></Text>
          <Text TextId="Module_1real64input_Name" Value="1 Real64 Input"></Text>
          <Text TextId="Module_1real64output_InfoText" Value="1 Real64 Output Module"></Text>
          <Text TextId="Module_1real64output_Name" Value="1 Real64 Output"></Text>
          <Text TextId="DataItem_1real64input_inputdata_0_Name" Value="Inputs"></Text>
          <Text TextId="DataItem_1real64output_outputdata_0_Name" Value="Outputs"></Text>
          <Text TextId="Submodule_1unsigned16input_InfoText" Value="1 Unsigned16 Input Submodule"></Text>
          <Text TextId="Submodule_1unsigned16input_Name" Value="1 Unsigned16 Input"></Text>
          <Text TextId="Submodule_1unsigned16output_InfoText" Value="1 Unsigned16 Output Submodule"></Text>
          <Text TextId="Submodule_1unsigned16output_Name" Value="1 Unsigned16 Output"></Text>
          <Text TextId="Module_1unsigned16input_InfoText" Value="1 Unsigned16 Input Module"></Text>
          <Text TextId="Module_1unsigned16input_Name" Value="1 Unsigned16 Input"></Text>
          <Text TextId="Module_1unsigned16output_InfoText" Value="1 Unsigned16 Output Module"></Text>
          <Text TextId="Module_1unsigned16output_Name" Value="1 Unsigned16 Output"></Text>
          <Text TextId="DataItem_1unsigned16input_inputdata_0_Name" Value="Inputs"></Text>
          <Text TextId="DataItem_1unsigned16output_outputdata_0_Name" Value="Outputs"></Text>
          <Text TextId="Submodule_1unsigned32input_InfoText" Value="1 Unsigned32 Input Submodule"></Text>
          <Text TextId="Submodule_1unsigned32input_Name" Value="1 Unsigned32 Input"></Text>
          <Text TextId="Submodule_1unsigned32output_InfoText" Value="1 Unsigned32 Output Submodule"></Text>
          <Text TextId="Submodule_1unsigned32output_Name" Value="1 Unsigned32 Output"></Text>
          <Text TextId="Module_1unsigned32input_InfoText" Value="1 Unsigned32 Input Module"></Text>
          <Text TextId="Module_1unsigned32input_Name" Value="1 Unsigned32 Input"></Text>
          <Text TextId="Module_1unsigned32output_InfoText" Value="1 Unsigned32 Output Module"></Text>
          <Text TextId="Module_1unsigned32output_Name" Value="1 Unsigned32 Output"></Text>
          <Text TextId="DataItem_1unsigned32input_inputdata_0_Name" Value="Inputs"></Text>
          <Text TextId="DataItem_1unsigned32output_outputdata_0_Name" Value="Outputs"></Text>
          <Text TextId="Submodule_1unsigned64input_InfoText" Value="1 Unsigned64 Input Submodule"></Text>
          <Text TextId="Submodule_1unsigned64input_Name" Value="1 Unsigned64 Input"></Text>
          <Text TextId="Submodule_1unsigned64output_InfoText" Value="1 Unsigned64 Output Submodule"></Text>
          <Text TextId="Submodule_1unsigned64output_Name" Value="1 Unsigned64 Output"></Text>
          <Text TextId="Module_1unsigned64input_InfoText" Value="1 Unsigned64 Input Module"></Text>
          <Text TextId="Module_1unsigned64input_Name" Value="1 Unsigned64 Input"></Text>
          <Text TextId="Module_1unsigned64output_InfoText" Value="1 Unsigned64 Output Module"></Text>
          <Text TextId="Module_1unsigned64output_Name" Value="1 Unsigned64 Output"></Text>
          <Text TextId="DataItem_1unsigned64input_inputdata_0_Name" Value="Inputs"></Text>
          <Text TextId="DataItem_1unsigned64output_outputdata_0_Name" Value="Outputs"></Text>
          <Text TextId="Submodule_1integer16input_InfoText" Value="1 Integer16 Input Submodule"></Text>
          <Text TextId="Submodule_1integer16input_Name" Value="1 Integer16 Input"></Text>
          <Text TextId="Submodule_1integer16output_InfoText" Value="1 Integer16 Output Submodule"></Text>
          <Text TextId="Submodule_1integer16output_Name" Value="1 Integer16 Output"></Text>
          <Text TextId="Module_1integer16input_InfoText" Value="1 Integer16 Input Module"></Text>
          <Text TextId="Module_1integer16input_Name" Value="1 Integer16 Input"></Text>
          <Text TextId="Module_1integer16output_InfoText" Value="1 Integer16 Output Module"></Text>
          <Text TextId="Module_1integer16output_Name" Value="1 Integer16 Output"></Text>
          <Text TextId="DataItem_1integer16input_inputdata_0_Name" Value="Inputs"></Text>
          <Text TextId="DataItem_1integer16output_outputdata_0_Name" Value="Outputs"></Text>
          <Text TextId="Submodule_1integer32input_InfoText" Value="1 Integer32 Input Submodule"></Text>
          <Text TextId="Submodule_1integer32input_Name" Value="1 Integer32 Input"></Text>
          <Text TextId="Submodule_1integer32output_InfoText" Value="1 Integer32 Output Submodule"></Text>
          <Text TextId="Submodule_1integer32output_Name" Value="1 Integer32 Output"></Text>
          <Text TextId="Module_1integer32input_InfoText" Value="1 Integer32 Input Module"></Text>
          <Text TextId="Module_1integer32input_Name" Value="1 Integer32 Input"></Text>
          <Text TextId="Module_1integer32output_InfoText" Value="1 Integer32 Output Module"></Text>
          <Text TextId="Module_1integer32output_Name" Value="1 Integer32 Output"></Text>
          <Text TextId="DataItem_1integer32input_inputdata_0_Name" Value="Inputs"></Text>
          <Text TextId="DataItem_1integer32output_outputdata_0_Name" Value="Outputs"></Text>
          <Text TextId="Submodule_1integer64input_InfoText" Value="1 Integer64 Input Submodule"></Text>
          <Text TextId="Submodule_1integer64input_Name" Value="1 Integer64 Input"></Text>
          <Text TextId="Submodule_1integer64output_InfoText" Value="1 Integer64 Output Submodule"></Text>
          <Text TextId="Submodule_1integer64output_Name" Value="1 Integer64 Output"></Text>
          <Text TextId="Module_1integer64input_InfoText" Value="1 Integer64 Input Module"></Text>
          <Text TextId="Module_1integer64input_Name" Value="1 Integer64 Input"></Text>
          <Text TextId="Module_1integer64output_InfoText" Value="1 Integer64 Output Module"></Text>
          <Text TextId="Module_1integer64output_Name" Value="1 Integer64 Output"></Text>
          <Text TextId="DataItem_1integer64input_inputdata_0_Name" Value="Inputs"></Text>
          <Text TextId="DataItem_1integer64output_outputdata_0_Name" Value="Outputs"></Text>
        </PrimaryLanguage>
        <Language xml:lang="de">
          <Text TextId="Error_in_phase_monitoring" Value="Fehler in Phasenüberwachung"></Text>
          <Text TextId="Error/fault_due_to_tripped_fuse_in_control_cabinet" Value="Störung ausgelöst durch Sicherung im Steuerschrank"></Text>
          <Text TextId="Fault_in_motor_travel_movement_(contouring_error)" Value="Motorverfahrbewegung gestört (Schleppfehler)"></Text>
          <Text TextId="Error_in_temperature_monitoring" Value="Fehler in Temperaturüberwachung"></Text>
          <Text TextId="Master_current_4_mA" Value="Leitstrom &lt; 4 mA"></Text>
          <Text TextId="Frame_code_invalid" Value="Bügelcode ungültig"></Text>
          <Text TextId="Frame_code_must_be_between_1_and_15" Value="Bügelcode muss zwischen 1 und 15 liegen"></Text>
          <Text TextId="System_not_referenced" Value="System nicht referenziert"></Text>
          <Text TextId="Error_with_Profile.xml" Value="Fehler mit Profile.xml"></Text>
          <Text TextId="Construction_no._not_available" Value="Punkt-Nr. nicht vorhanden"></Text>
          <Text TextId="Run_over_negative_SW-End" Value="Negative Software-Endlage überfahren"></Text>
          <Text TextId="Run_over_positive_SW-End" Value="Positive Software-Endlage überfahren"></Text>
          <Text TextId="Position_target_outside_the_software_limit_positions" Value="Positionsziel außerhalb der Software-Endlagen"></Text>
          <Text TextId="invalid_position" Value="Position ungültig"></Text>
          <Text TextId="Force_deceeded" Value="Kraft unterschritten"></Text>
          <Text TextId="Force_exceeded" Value="Kraft überschritten"></Text>
          <Text TextId="Process_NOK" Value="Clinchpunkt n.i.O."></Text>
          <Text TextId="EMERGENCY-STOP_actuated" Value="US2-Spannung fehlt"></Text>
          <Text TextId="X20IF10E3-1_NETX V1.0.0.0-V1.2.x.x" Value="X20IF10E3-1_NETX V1.0.0.0-V1.2.x.x"></Text>
          <Text TextId="X20IF10E3-1_NETX V1.3.x.x" Value="X20IF10E3-1_NETX V1.3.x.x"></Text>
          <Text TextId="DAP_X20IF10E3-1" Value="X20IF10E3-1"></Text>
          <Text TextId="DAP Module_CategoryName" Value="Device Access Point Module"></Text>
          <Text TextId="DIM 24_InfoText" Value="Upgrade version V1.3.x.x Identification &amp; Maintenance 1-4, Shared Device, RT und IRT Betrieb, Advanced Hochlauf."></Text>
          <Text TextId="DIM 3_InfoText" Value="Upgrade version V1.0.x.x - V1.2.x.x Identification &amp; Maintenance 1-4, RT und IRT Betrieb."></Text>
          <Text TextId="DataItem_12byteinput_inputdata_0_Name" Value="Eingänge"></Text>
          <Text TextId="DataItem_12byteoutput_outputdata_0_Name" Value="Ausgänge"></Text>
          <Text TextId="DataItem_16byteinput_inputdata_0_Name" Value="Eingänge"></Text>
          <Text TextId="DataItem_16byteoutput_outputdata_0_Name" Value="Ausgänge"></Text>
          <Text TextId="DataItem_1byteinput_inputdata_0_Name" Value="Eingänge"></Text>
          <Text TextId="DataItem_1byteoutput_outputdata_0_Name" Value="Ausgänge"></Text>
          <Text TextId="DataItem_20byteinput_inputdata_0_Name" Value="Eingänge"></Text>
          <Text TextId="DataItem_20byteoutput_outputdata_0_Name" Value="Ausgänge"></Text>
          <Text TextId="DataItem_2byteinput_inputdata_0_Name" Value="Eingänge"></Text>
          <Text TextId="DataItem_2byteoutput_outputdata_0_Name" Value="Ausgänge"></Text>
          <Text TextId="DataItem_32byteinput_inputdata_0_Name" Value="Eingänge"></Text>
          <Text TextId="DataItem_32byteoutput_outputdata_0_Name" Value="Ausgänge"></Text>
          <Text TextId="DataItem_3byteinput_inputdata_0_Name" Value="Eingänge"></Text>
          <Text TextId="DataItem_3byteoutput_outputdata_0_Name" Value="Ausgänge"></Text>
          <Text TextId="DataItem_4byteinput_inputdata_0_Name" Value="Eingänge"></Text>
          <Text TextId="DataItem_4byteoutput_outputdata_0_Name" Value="Ausgänge"></Text>
          <Text TextId="DataItem_64byteinput_inputdata_0_Name" Value="Eingänge"></Text>
          <Text TextId="DataItem_64byteoutput_outputdata_0_Name" Value="Ausgänge"></Text>
          <Text TextId="DataItem_8byteinput_inputdata_0_Name" Value="Eingänge"></Text>
          <Text TextId="DataItem_8byteoutput_outputdata_0_Name" Value="Ausgänge"></Text>
          <Text TextId="DeviceDescription_InfoText" Value="X20 Schnittstellenmodul PROFINET IO-Device."></Text>
          <Text TextId="Input Module_CategoryName" Value="Eingangsmodule"></Text>
          <Text TextId="Module_12byteinput_InfoText" Value="12 Byte Eingangsmodul"></Text>
          <Text TextId="Module_12byteinput_Name" Value="12 Byte Eingang"></Text>
          <Text TextId="Module_12byteoutput_InfoText" Value="12 Byte Ausgangsmodul"></Text>
          <Text TextId="Module_12byteoutput_Name" Value="12 Byte Ausgang"></Text>
          <Text TextId="Module_16byteinput_InfoText" Value="16 Byte Eingangsmodul"></Text>
          <Text TextId="Module_16byteinput_Name" Value="16 Byte Eingang"></Text>
          <Text TextId="Module_16byteoutput_InfoText" Value="16 Byte Ausgangsmodul"></Text>
          <Text TextId="Module_16byteoutput_Name" Value="16 Byte Ausgang"></Text>
          <Text TextId="Module_1byteinput_InfoText" Value="1 Byte Eingangsmodul"></Text>
          <Text TextId="Module_1byteinput_Name" Value="1 Byte Eingang"></Text>
          <Text TextId="Module_1byteoutput_InfoText" Value="1 Byte Ausgangsmodul"></Text>
          <Text TextId="Module_1byteoutput_Name" Value="1 Byte Ausgang"></Text>
          <Text TextId="Module_20byteinput_InfoText" Value="20 Byte Eingangsmodul"></Text>
          <Text TextId="Module_20byteinput_Name" Value="20 Byte Eingang"></Text>
          <Text TextId="Module_20byteoutput_InfoText" Value="20 Byte Ausgangsmodul"></Text>
          <Text TextId="Module_20byteoutput_Name" Value="20 Byte Ausgang"></Text>
          <Text TextId="Module_2byteinput_InfoText" Value="2 Byte Eingangsmodul"></Text>
          <Text TextId="Module_2byteinput_Name" Value="2 Byte Eingang"></Text>
          <Text TextId="Module_2byteoutput_InfoText" Value="2 Byte Ausgangsmodul"></Text>
          <Text TextId="Module_2byteoutput_Name" Value="2 Byte Ausgang"></Text>
          <Text TextId="Module_32byteinput_InfoText" Value="32 Byte Eingangsmodul"></Text>
          <Text TextId="Module_32byteinput_Name" Value="32 Byte Eingang"></Text>
          <Text TextId="Module_32byteoutput_InfoText" Value="32 Byte Ausgangsmodul"></Text>
          <Text TextId="Module_32byteoutput_Name" Value="32 Byte Ausgang"></Text>
          <Text TextId="Module_3byteinput_InfoText" Value="3 Byte Eingangsmodul"></Text>
          <Text TextId="Module_3byteinput_Name" Value="3 Byte Eingang"></Text>
          <Text TextId="Module_3byteoutput_InfoText" Value="3 Byte Ausgangsmodul"></Text>
          <Text TextId="Module_3byteoutput_Name" Value="3 Byte Ausgang"></Text>
          <Text TextId="Module_4byteinput_InfoText" Value="4 Byte Eingangsmodul"></Text>
          <Text TextId="Module_4byteinput_Name" Value="DWC7_P74xx_BusIstDW"></Text>
          <Text TextId="Module_4byteoutput_InfoText" Value="4 Byte Ausgangsmodul"></Text>
          <Text TextId="Module_4byteoutput_Name" Value="DWC7_P720x_BusSollDW"></Text>
          <Text TextId="Module_64byteinput_InfoText" Value="64 Byte Eingangsmodul"></Text>
          <Text TextId="Module_64byteinput_Name" Value="64 Byte Eingang"></Text>
          <Text TextId="Module_64byteoutput_InfoText" Value="64 Byte Ausgangsmodul"></Text>
          <Text TextId="Module_64byteoutput_Name" Value="64 Byte Ausgang"></Text>
          <Text TextId="Module_8byteinput_InfoText" Value="8 Byte Eingangsmodul"></Text>
          <Text TextId="Module_8byteinput_Name" Value="8 Byte Eingang"></Text>
          <Text TextId="Module_8byteoutput_InfoText" Value="8 Byte Ausgangsmodul"></Text>
          <Text TextId="Module_8byteoutput_Name" Value="8 Byte Ausgang"></Text>
          <Text TextId="Output Module_CategoryName" Value="Ausgangsmodule"></Text>
          <Text TextId="PN-IO" Value="PN-IO"></Text>
          <Text TextId="Port1" Value="Port 1"></Text>
          <Text TextId="Port2" Value="Port 2"></Text>
          <Text TextId="Submodule_12byteinput_InfoText" Value="12 Byte Eingangssubmodul"></Text>
          <Text TextId="Submodule_12byteinput_Name" Value="12 Byte Eingang"></Text>
          <Text TextId="Submodule_12byteoutput_InfoText" Value="12 Byte Ausgangssubmodul"></Text>
          <Text TextId="Submodule_12byteoutput_Name" Value="12 Byte Ausgang"></Text>
          <Text TextId="Submodule_16byteinput_InfoText" Value="16 Byte Eingangssubmodul"></Text>
          <Text TextId="Submodule_16byteinput_Name" Value="16 Byte Eingang"></Text>
          <Text TextId="Submodule_16byteoutput_InfoText" Value="16 Byte Ausgangssubmodul"></Text>
          <Text TextId="Submodule_16byteoutput_Name" Value="16 Byte Ausgang"></Text>
          <Text TextId="Submodule_1byteinput_InfoText" Value="1 Byte Eingangssubmodul"></Text>
          <Text TextId="Submodule_1byteinput_Name" Value="1 Byte Eingang"></Text>
          <Text TextId="Submodule_1byteoutput_InfoText" Value="1 Byte Ausgangssubmodul"></Text>
          <Text TextId="Submodule_1byteoutput_Name" Value="1 Byte Ausgang"></Text>
          <Text TextId="Submodule_20byteinput_InfoText" Value="20 Byte Eingangssubmodul"></Text>
          <Text TextId="Submodule_20byteinput_Name" Value="20 Byte Eingang"></Text>
          <Text TextId="Submodule_20byteoutput_InfoText" Value="20 Byte Ausgangssubmodul"></Text>
          <Text TextId="Submodule_20byteoutput_Name" Value="20 Byte Ausgang"></Text>
          <Text TextId="Submodule_2byteinput_InfoText" Value="2 Byte Eingangssubmodul"></Text>
          <Text TextId="Submodule_2byteinput_Name" Value="2 Byte Eingang"></Text>
          <Text TextId="Submodule_2byteoutput_InfoText" Value="2 Byte Ausgangssubmodul"></Text>
          <Text TextId="Submodule_2byteoutput_Name" Value="2 Byte Ausgang"></Text>
          <Text TextId="Submodule_32byteinput_InfoText" Value="32 Byte Eingangssubmodul"></Text>
          <Text TextId="Submodule_32byteinput_Name" Value="32 Byte Eingang"></Text>
          <Text TextId="Submodule_32byteoutput_InfoText" Value="32 Byte Ausgangssubmodul"></Text>
          <Text TextId="Submodule_32byteoutput_Name" Value="32 Byte Ausgang"></Text>
          <Text TextId="Submodule_3byteinput_InfoText" Value="3 Byte Eingangssubmodul"></Text>
          <Text TextId="Submodule_3byteinput_Name" Value="3 Byte Eingang"></Text>
          <Text TextId="Submodule_3byteoutput_InfoText" Value="3 Byte Ausgangssubmodul"></Text>
          <Text TextId="Submodule_3byteoutput_Name" Value="3 Byte Ausgang"></Text>
          <Text TextId="Submodule_4byteinput_InfoText" Value="4 Byte Eingangssubmodul"></Text>
          <Text TextId="Submodule_4byteinput_Name" Value="4 Byte Eingang"></Text>
          <Text TextId="Submodule_4byteoutput_InfoText" Value="4 Byte Ausgangssubmodul"></Text>
          <Text TextId="Submodule_4byteoutput_Name" Value="4 Byte Ausgang"></Text>
          <Text TextId="Submodule_64byteinput_InfoText" Value="64 Byte Eingangssubmodul"></Text>
          <Text TextId="Submodule_64byteinput_Name" Value="64 Byte Eingang"></Text>
          <Text TextId="Submodule_64byteoutput_InfoText" Value="64 Byte Ausgangssubmodul"></Text>
          <Text TextId="Submodule_64byteoutput_Name" Value="64 Byte Ausgang"></Text>
          <Text TextId="Submodule_8byteinput_InfoText" Value="8 Byte Eingangssubmodul"></Text>
          <Text TextId="Submodule_8byteinput_Name" Value="8 Byte Eingang"></Text>
          <Text TextId="Submodule_8byteoutput_InfoText" Value="8 Byte Ausgangssubmodul"></Text>
          <Text TextId="Submodule_8byteoutput_Name" Value="8 Byte Ausgang"></Text>
          <Text TextId="X1" Value="X1"></Text>
          <Text TextId="X1P1" Value="X1 P1"></Text>
          <Text TextId="X1P2" Value="X1 P2"></Text>
          <Text TextId="Submodule_1real32input_InfoText" Value="1 Real32 Eingangssubmodul"></Text>
          <Text TextId="Submodule_1real32input_Name" Value="1 Real32 Eingang"></Text>
          <Text TextId="Submodule_1real32output_InfoText" Value="1 Real32 Ausgangssubmodul"></Text>
          <Text TextId="Submodule_1real32output_Name" Value="1 Real32 Ausgang"></Text>
          <Text TextId="Module_1real32input_InfoText" Value="1 Real32 Eingangsmodul"></Text>
          <Text TextId="Module_1real32input_Name" Value="1 Real32 Eingang"></Text>
          <Text TextId="Module_1real32output_InfoText" Value="1 Real32 Ausgangsmodul"></Text>
          <Text TextId="Module_1real32output_Name" Value="1 Real32 Ausgang"></Text>
          <Text TextId="DataItem_1real32input_inputdata_0_Name" Value="Eingänge"></Text>
          <Text TextId="DataItem_1real32output_outputdata_0_Name" Value="Ausgänge"></Text>
          <Text TextId="Submodule_1real64input_InfoText" Value="1 Real64 Eingangssubmodul"></Text>
          <Text TextId="Submodule_1real64input_Name" Value="1 Real64 Eingang"></Text>
          <Text TextId="Submodule_1real64output_InfoText" Value="1 Real64 Ausgangssubmodul"></Text>
          <Text TextId="Submodule_1real64output_Name" Value="1 Real64 Ausgang"></Text>
          <Text TextId="Module_1real64input_InfoText" Value="1 Real64 Eingangsmodul"></Text>
          <Text TextId="Module_1real64input_Name" Value="1 Real64 Eingang"></Text>
          <Text TextId="Module_1real64output_InfoText" Value="1 Real64 Ausgangsmodul"></Text>
          <Text TextId="Module_1real64output_Name" Value="1 Real64 Ausgang"></Text>
          <Text TextId="DataItem_1real64input_inputdata_0_Name" Value="Eingänge"></Text>
          <Text TextId="DataItem_1real64output_outputdata_0_Name" Value="Ausgänge"></Text>
          <Text TextId="Submodule_1unsigned16input_InfoText" Value="1 Unsigned16 Eingangssubmodul"></Text>
          <Text TextId="Submodule_1unsigned16input_Name" Value="1 Unsigned16 Eingang"></Text>
          <Text TextId="Submodule_1unsigned16output_InfoText" Value="1 Unsigned16 Ausgangssubmodul"></Text>
          <Text TextId="Submodule_1unsigned16output_Name" Value="1 Unsigned16 Ausgang"></Text>
          <Text TextId="Module_1unsigned16input_InfoText" Value="1 Unsigned16 Eingangsmodul"></Text>
          <Text TextId="Module_1unsigned16input_Name" Value="1 Unsigned16 Eingang"></Text>
          <Text TextId="Module_1unsigned16output_InfoText" Value="1 Unsigned16 Ausgangsmodul"></Text>
          <Text TextId="Module_1unsigned16output_Name" Value="1 Unsigned16 Ausgang"></Text>
          <Text TextId="DataItem_1unsigned16input_inputdata_0_Name" Value="Eingänge"></Text>
          <Text TextId="DataItem_1unsigned16output_outputdata_0_Name" Value="Ausgänge"></Text>
          <Text TextId="Submodule_1unsigned32input_InfoText" Value="1 Unsigned32 Eingangssubmodul"></Text>
          <Text TextId="Submodule_1unsigned32input_Name" Value="1 Unsigned32 Eingang"></Text>
          <Text TextId="Submodule_1unsigned32output_InfoText" Value="1 Unsigned32 Ausgangssubmodul"></Text>
          <Text TextId="Submodule_1unsigned32output_Name" Value="1 Unsigned32 Ausgang"></Text>
          <Text TextId="Module_1unsigned32input_InfoText" Value="1 Unsigned32 Eingangsmodul"></Text>
          <Text TextId="Module_1unsigned32input_Name" Value="1 Unsigned32 Eingang"></Text>
          <Text TextId="Module_1unsigned32output_InfoText" Value="1 Unsigned32 Ausgangsmodul"></Text>
          <Text TextId="Module_1unsigned32output_Name" Value="1 Unsigned32 Ausgang"></Text>
          <Text TextId="DataItem_1unsigned32input_inputdata_0_Name" Value="Eingänge"></Text>
          <Text TextId="DataItem_1unsigned32output_outputdata_0_Name" Value="Ausgänge"></Text>
          <Text TextId="Submodule_1unsigned64input_InfoText" Value="1 Unsigned64 Eingangssubmodul"></Text>
          <Text TextId="Submodule_1unsigned64input_Name" Value="1 Unsigned64 Eingang"></Text>
          <Text TextId="Submodule_1unsigned64output_InfoText" Value="1 Unsigned64 Ausgangssubmodul"></Text>
          <Text TextId="Submodule_1unsigned64output_Name" Value="1 Unsigned64 Ausgang"></Text>
          <Text TextId="Module_1unsigned64input_InfoText" Value="1 Unsigned64 Eingangsmodul"></Text>
          <Text TextId="Module_1unsigned64input_Name" Value="1 Unsigned64 Eingang"></Text>
          <Text TextId="Module_1unsigned64output_InfoText" Value="1 Unsigned64 Ausgangsmodul"></Text>
          <Text TextId="Module_1unsigned64output_Name" Value="1 Unsigned64 Ausgang"></Text>
          <Text TextId="DataItem_1unsigned64input_inputdata_0_Name" Value="Eingänge"></Text>
          <Text TextId="DataItem_1unsigned64output_outputdata_0_Name" Value="Ausgänge"></Text>
          <Text TextId="Submodule_1integer16input_InfoText" Value="1 Integer16 Eingangssubmodul"></Text>
          <Text TextId="Submodule_1integer16input_Name" Value="1 Integer16 Eingang"></Text>
          <Text TextId="Submodule_1integer16output_InfoText" Value="1 Integer16 Ausgangssubmodul"></Text>
          <Text TextId="Submodule_1integer16output_Name" Value="1 Integer16 Ausgang"></Text>
          <Text TextId="Module_1integer16input_InfoText" Value="1 Integer16 Eingangsmodul"></Text>
          <Text TextId="Module_1integer16input_Name" Value="1 Integer16 Eingang"></Text>
          <Text TextId="Module_1integer16output_InfoText" Value="1 Integer16 Ausgangsmodul"></Text>
          <Text TextId="Module_1integer16output_Name" Value="1 Integer16 Ausgang"></Text>
          <Text TextId="DataItem_1integer16input_inputdata_0_Name" Value="Eingänge"></Text>
          <Text TextId="DataItem_1integer16output_outputdata_0_Name" Value="Ausgänge"></Text>
          <Text TextId="Submodule_1integer32input_InfoText" Value="1 Integer32 Eingangssubmodul"></Text>
          <Text TextId="Submodule_1integer32input_Name" Value="1 Integer32 Eingang"></Text>
          <Text TextId="Submodule_1integer32output_InfoText" Value="1 Integer32 Ausgangssubmodul"></Text>
          <Text TextId="Submodule_1integer32output_Name" Value="1 Integer32 Ausgang"></Text>
          <Text TextId="Module_1integer32input_InfoText" Value="1 Integer32 Eingangsmodul"></Text>
          <Text TextId="Module_1integer32input_Name" Value="1 Integer32 Eingang"></Text>
          <Text TextId="Module_1integer32output_InfoText" Value="1 Integer32 Ausgangsmodul"></Text>
          <Text TextId="Module_1integer32output_Name" Value="1 Integer32 Ausgang"></Text>
          <Text TextId="DataItem_1integer32input_inputdata_0_Name" Value="Eingänge"></Text>
          <Text TextId="DataItem_1integer32output_outputdata_0_Name" Value="Ausgänge"></Text>
          <Text TextId="Submodule_1integer64input_InfoText" Value="1 Integer64 Eingangssubmodul"></Text>
          <Text TextId="Submodule_1integer64input_Name" Value="1 Integer64 Eingang"></Text>
          <Text TextId="Submodule_1integer64output_InfoText" Value="1 Integer64 Ausgangssubmodul"></Text>
          <Text TextId="Submodule_1integer64output_Name" Value="1 Integer64 Ausgang"></Text>
          <Text TextId="Module_1integer64input_InfoText" Value="1 Integer64 Eingangsmodul"></Text>
          <Text TextId="Module_1integer64input_Name" Value="1 Integer64 Eingang"></Text>
          <Text TextId="Module_1integer64output_InfoText" Value="1 Integer64 Ausgangsmodul"></Text>
          <Text TextId="Module_1integer64output_Name" Value="1 Integer64 Ausgang"></Text>
          <Text TextId="DataItem_1integer64input_inputdata_0_Name" Value="Eingänge"></Text>
          <Text TextId="DataItem_1integer64output_outputdata_0_Name" Value="Ausgänge"></Text>
        </Language>
      </ExternalTextList>
    </ApplicationProcess>
  </ProfileBody>
</ISO15745Profile>